{"metadata":{"formatVersion":3,"generatedBy":"ParametricParts","vertices":32,"faces":52,"normals":0,"colors":0,"uvs":0,"materials":1,"morphTargets":0},"scale":1.0,"materials":[{"DbgColor":15658734,"DbgIndex":0,"DbgName":"Material","colorAmbient":[0.0,0.0,0.0],"colorDiffuse":[0.6400000190734865,0.10179081114814892,0.126246120426746],"colorSpecular":[0.5,0.5,0.5],"shading":"Lambert","specularCoef":50,"transparency":1.0,"vertexColors":false}],"vertices":[0.0,10.0,20.0,0.0,10.0,0.0,0.0,0.0,20.0,0.0,0.0,0.0,10.0,0.0,20.0,10.0,10.0,0.0,10.0,10.0,20.0,10.0,0.0,0.0,2.0,8.0,11.0,2.0,8.0,-1.0,2.0,3.0,11.0,2.0,3.0,-1.0,7.0,3.0,11.0,7.0,8.0,-1.0,7.0,8.0,11.0,7.0,3.0,-1.0,0.0,10.0,20.0,0.0,10.0,0.0,0.0,0.0,20.0,0.0,0.0,0.0,10.0,0.0,0.0,10.0,0.0,20.0,10.0,10.0,20.0,10.0,10.0,0.0,2.0,3.0,0.0,2.0,8.0,0.0,7.0,3.0,0.0,7.0,8.0,0.0,7.0,3.0,11.0,2.0,3.0,11.0,7.0,8.0,11.0,2.0,8.0,11.0],"morphTargets":[],"normals":[],"colors":[],"uvs":[[]],"faces":[0,0,1,2,0,1,3,2,0,4,5,6,0,4,7,5,0,3,7,4,0,2,3,4,0,6,5,1,0,6,1,0,0,3,1,5,0,7,3,5,0,6,0,2,0,6,2,4,0,0,1,2,0,1,3,2,0,4,5,6,0,4,7,5,0,3,7,4,0,2,3,4,0,6,5,1,0,6,1,0,0,3,1,5,0,7,3,5,0,6,0,2,0,6,2,4,0,0,1,2,0,1,3,2,0,3,4,5,0,2,3,5,0,6,0,2,0,6,2,5,0,6,7,1,0,6,1,0,0,8,3,1,0,8,1,9,0,4,3,10,0,3,8,10,0,9,1,11,0,10,11,7,0,4,10,7,0,11,1,7,0,5,7,6,0,5,4,7,0,12,8,13,0,12,10,8,0,14,11,12,0,11,10,12,0,15,9,14,0,9,11,14,0,13,9,15,0,13,8,9,0,13,15,14,0,12,13,14]}